paridadeCompra;paridadeVenda;cotacaoCompra;cotacaoVenda;dataHoraCotacao;tipoBoletim
1,2049;1,2053;6,4287;6,4316;2023-01-02 10:11:18.511;Abertura
1,2052;1,2053;6,4524;6,4537;2023-01-02 11:05:17.032;Intermediário
1,2047;1,2052;6,441;6,4444;2023-01-02 12:10:16.594;Intermediário
1,2042;1,2046000000000001;6,4257;6,4286;2023-01-02 13:05:57.582;Intermediário
1,2042;1,2046000000000001;6,434;6,4369;2023-01-02 13:05:57.593;Fechamento
1,1954;1,1955;6,3973;6,3986;2023-01-03 10:03:17.048;Abertura
1,1993;1,1996;6,4434000000000005;6,4457;2023-01-03 11:11:16.694;Intermediário
1,2029;1,2033;6,4659;6,4688;2023-01-03 12:07:16.28;Intermediário
1,2007;1,2011;6,4859;6,4888;2023-01-03 13:11:19.075;Intermediário
1,2007;1,2011;6,4541;6,457;2023-01-03 13:11:19.08;Fechamento
1,2048;1,2051;6,5572;6,5596;2023-01-04 10:11:16.796;Abertura
1,2055;1,2059;6,5541;6,557;2023-01-04 11:11:16.379;Intermediário
1,206;1,2064;6,5836;6,5865;2023-01-04 12:03:31.114;Intermediário
1,2044;1,2048;6,5551;6,558;2023-01-04 13:09:19.565;Intermediário
1,2044;1,2048;6,5583;6,5612;2023-01-04 13:09:19.572;Fechamento
1,2001;1,2006000000000001;6,4621;6,4655000000000005;2023-01-05 10:05:16.316;Abertura
1,192;1,1921;6,4548;6,4561;2023-01-05 11:05:16.697;Intermediário
1,1906;1,1909;6,4401;6,4424;2023-01-05 12:05:18.389;Intermediário
1,1879;1,1884000000000001;6,4138;6,4172;2023-01-05 13:03:32.257;Intermediário
1,1879;1,1884000000000001;6,417;6,4204;2023-01-05 13:03:32.262;Fechamento
1,1858;1,1862;6,3267;6,3296;2023-01-06 10:09:17.141;Abertura
1,1924000000000001;1,1928;6,2946;6,2974;2023-01-06 11:11:16.58;Intermediário
1,1922;1,1927;6,2895;6,2928;2023-01-06 12:05:17.045;Intermediário
1,2044;1,2049;6,3225999999999996;6,326;2023-01-06 13:02:28.721;Intermediário
1,2044;1,2049;6,3651;6,3685;2023-01-06 13:02:28.727;Fechamento
1,2138;1,214;6,4092;6,411;2023-01-09 10:03:17.851;Abertura
1,2167;1,2171;6,4541;6,457;2023-01-09 11:05:18.197;Intermediário
1,2186;1,2189;6,4677;6,47;2023-01-09 12:11:16.876;Intermediário
1,2191;1,2195;6,4512;6,4541;2023-01-09 13:07:16.717;Intermediário
1,2191;1,2195;6,4565;6,4593;2023-01-09 13:07:16.725;Fechamento
1,2126000000000001;1,2128;6,3886;6,3904;2023-01-10 10:09:16.469;Abertura
1,2135;1,2139;6,3461;6,3489;2023-01-10 11:08:16.455;Intermediário
1,2155;1,2159;6,3571;6,3599;2023-01-10 12:08:17.84;Intermediário
1,2146;1,215;6,3492;6,352;2023-01-10 13:05:25.672;Intermediário
1,2146;1,215;6,3632;6,366;2023-01-10 13:05:25.681;Fechamento
1,2114;1,2115;6,307;6,3083;2023-01-11 10:10:16.612;Abertura
1,2105000000000001;1,2109;6,2964;6,2992;2023-01-11 11:04:04.728;Intermediário
1,2149;1,215;6,3102;6,3114;2023-01-11 12:07:18.037;Intermediário
1,2124;1,2128;6,3087;6,3115;2023-01-11 13:07:22.488;Intermediário
1,2124;1,2128;6,3062000000000005;6,309;2023-01-11 13:07:22.492;Fechamento
1,2135;1,2138;6,2493;6,2516;2023-01-12 10:08:17.046;Abertura
1,2235;1,2238;6,2647;6,267;2023-01-12 11:03:15.992;Intermediário
1,2113;1,2117;6,2485;6,2513;2023-01-12 12:07:16.925;Intermediário
1,2154;1,2158;6,2339;6,2367;2023-01-12 13:09:27.27;Intermediário
1,2154;1,2158;6,2464;6,2492;2023-01-12 13:09:27.278;Fechamento
1,2174;1,2178;6,261;6,2638;2023-01-13 10:07:17.082;Abertura
1,2168;1,2169;6,2265;6,2277000000000005;2023-01-13 11:03:17.146;Intermediário
1,2193;1,2196;6,2183;6,2206;2023-01-13 12:04:17.618;Intermediário
1,2214;1,2218;6,2241;6,2269;2023-01-13 13:10:23.133;Intermediário
1,2214;1,2218;6,2462;6,249;2023-01-13 13:10:23.139;Fechamento
1,2185;1,2189;6,2158;6,2186;2023-01-16 10:06:18.73;Abertura
1,2191;1,2195;6,2287;6,2315;2023-01-16 11:11:17.162;Intermediário
1,2199;1,2203;6,2477;6,2505;2023-01-16 12:09:16.393;Intermediário
1,2203;1,2207;6,2376;6,2403;2023-01-16 13:07:23.214;Intermediário
1,2203;1,2207;6,2368;6,2396;2023-01-16 13:07:23.23;Fechamento
1,2257;1,2259;6,2865;6,2883;2023-01-17 10:03:18.446;Abertura
1,2254;1,2255;6,2749;6,2762;2023-01-17 11:03:17.027;Intermediário
1,2289;1,2294;6,2971;6,3004;2023-01-17 12:03:16.899;Intermediário
1,2278;1,2282;6,268;6,2708;2023-01-17 13:09:23.084;Intermediário
1,2278;1,2282;6,286;6,2888;2023-01-17 13:09:23.089;Fechamento
1,2368999999999999;1,237;6,3016;6,3029;2023-01-18 10:08:17.282;Abertura
1,2393;1,2397;6,2925;6,2953;2023-01-18 11:11:36.791;Intermediário
1,2413;1,2414;6,3154;6,3166;2023-01-18 12:11:17.938;Intermediário
1,2391;1,2395;6,3211;6,3239;2023-01-18 13:11:36.517;Intermediário
1,2391;1,2395;6,3074;6,3102;2023-01-18 13:11:36.521;Fechamento
1,2331;1,2334;6,4332;6,4355;2023-01-19 10:11:21.949;Abertura
1,2347000000000001;1,2351;6,424;6,4268;2023-01-19 11:08:16.423;Intermediário
1,2352;1,2356;6,4408;6,4437;2023-01-19 12:05:16.758;Intermediário
1,2357;1,2361;6,4511;6,4539;2023-01-19 13:07:18.674;Intermediário
1,2357;1,2361;6,4427;6,4455;2023-01-19 13:07:18.678;Fechamento
1,2352;1,2355;6,3994;6,4017;2023-01-20 10:02:17.564;Abertura
1,2341;1,2342;6,4405;6,4418;2023-01-20 11:11:16.888;Intermediário
1,236;1,2364;6,4237;6,4266;2023-01-20 12:10:18.004;Intermediário
1,2368999999999999;1,2371;6,4257;6,4275;2023-01-20 13:08:32.648;Intermediário
1,2368999999999999;1,2371;6,4294;6,4312000000000005;2023-01-20 13:08:32.655;Fechamento
1,2366;1,2367;6,4321;6,4333;2023-01-23 10:03:20.353;Abertura
1,2344;1,2348;6,4237;6,4265;2023-01-23 11:07:17.842;Intermediário
1,2346;1,235;6,4114;6,4142;2023-01-23 12:08:17.196;Intermediário
1,2366;1,2374;6,3907;6,3956;2023-01-23 13:10:05.271;Intermediário
1,2366;1,2374;6,4199;6,4248;2023-01-23 13:10:05.284;Fechamento
1,2289;1,229;6,3663;6,3676;2023-01-24 10:09:17.4;Abertura
1,2291;1,2295;6,3608;6,3636;2023-01-24 11:08:17.672;Intermediário
1,2266;1,2267000000000001;6,3367;6,338;2023-01-24 12:06:16.812;Intermediário
1,2313;1,2317;6,3465;6,3493;2023-01-24 13:07:36.427;Intermediário
1,2313;1,2317;6,3646;6,3674;2023-01-24 13:07:36.435;Fechamento
1,2328000000000001;1,2332;6,3053;6,3081;2023-01-25 10:10:16.908;Abertura
1,2316;1,2317;6,3048;6,3061;2023-01-25 11:08:16.633;Intermediário
1,2356;1,236;6,3091;6,3119;2023-01-25 12:03:17.489;Intermediário
1,2355;1,2359;6,2697;6,2724;2023-01-25 13:05:22.238;Intermediário
1,2355;1,2359;6,3055;6,3083;2023-01-25 13:05:22.246;Fechamento
1,2394;1,2398;6,3263;6,3291;2023-01-26 10:10:30.974;Abertura
1,2392;1,2393;6,3166;6,3178;2023-01-26 11:10:16.916;Intermediário
1,2377;1,238;6,3051;6,3074;2023-01-26 12:09:16.441;Intermediário
1,2354;1,2359;6,2785;6,2818;2023-01-26 13:02:40.378;Intermediário
1,2354;1,2359;6,2937;6,297;2023-01-26 13:02:40.388;Fechamento
1,2365;1,2367;6,2587;6,2604;2023-01-27 10:03:16.616;Abertura
1,237;1,2374;6,2764;6,2792;2023-01-27 11:09:17.667;Intermediário
1,2383;1,2386;6,2836;6,2859;2023-01-27 12:09:17.398;Intermediário
1,2355;1,2359;6,2943;6,297;2023-01-27 13:02:20.817;Intermediário
1,2355;1,2359;6,2715;6,2743;2023-01-27 13:02:20.823;Fechamento
1,239;1,2398;6,3154;6,3203;2023-01-30 10:08:40.771;Abertura
1,2373;1,2377;6,3076;6,3104;2023-01-30 11:11:17.456;Intermediário
1,2374;1,2378;6,3008;6,3037;2023-01-30 12:10:28.283;Intermediário
1,2378;1,2383;6,3054;6,3086;2023-01-30 13:09:30.18;Intermediário
1,2378;1,2383;6,307;6,3103;2023-01-30 13:09:30.184;Fechamento
1,23;1,2304;6,3136;6,3164;2023-01-31 10:04:18.477;Abertura
1,2321;1,2323;6,2647;6,2665;2023-01-31 11:11:17.036;Intermediário
1,2314;1,2318;6,2620000000000005;6,2648;2023-01-31 12:05:17.421;Intermediário
1,2304;1,2309;6,2734;6,2767;2023-01-31 13:11:17.029;Fechamento
1,2304;1,2309;6,265;6,2682;2023-01-31 13:11:17.118;Intermediário
1,2325;1,2328000000000001;6,2436;6,2459;2023-02-01 10:08:17.93;Abertura
1,2337;1,2341;6,2468;6,2496;2023-02-01 11:06:16.863;Intermediário
1,2339;1,2344;6,2703;6,2736;2023-02-01 12:02:17.664;Intermediário
1,2323;1,2328000000000001;6,2537;6,257;2023-02-01 13:04:22.992;Intermediário
1,2323;1,2328000000000001;6,2496;6,2529;2023-02-01 13:04:23.003;Fechamento
1,229;1,2295;6,1562;6,1594;2023-02-02 10:06:16.639;Abertura
1,23;1,2301;6,1131;6,1143;2023-02-02 11:10:16.843;Intermediário
1,2273;1,2275;6,1196;6,1213;2023-02-02 12:04:16.637;Intermediário
1,2291;1,2293;6,1364;6,1381;2023-02-02 13:06:34.979;Intermediário
1,2291;1,2293;6,1326;6,1343;2023-02-02 13:06:34.991;Fechamento
1,2243;1,2248;6,2141;6,2173;2023-02-03 10:06:17.451;Abertura
1,2123;1,2127;6,1798;6,1826;2023-02-03 11:08:17.024;Intermediário
1,21;1,2104;6,1911;6,1939;2023-02-03 12:10:17.398;Intermediário
1,2104;1,2105000000000001;6,1968;6,198;2023-02-03 13:10:20.721;Intermediário
1,2104;1,2105000000000001;6,1759;6,1772;2023-02-03 13:10:20.729;Fechamento
1,2067;1,2068;6,2233;6,2246;2023-02-06 10:04:20.025;Abertura
1,2047;1,2051;6,2281;6,2308;2023-02-06 11:08:16.56;Intermediário
1,2047;1,2049;6,2509;6,2527;2023-02-06 12:07:16.861;Intermediário
1,2011;1,2016;6,2301;6,2334;2023-02-06 13:09:36.674;Intermediário
1,2011;1,2016;6,2165;6,2198;2023-02-06 13:09:36.686;Fechamento
1,1985000000000001;1,1987;6,1554;6,1571;2023-02-07 10:10:17.1;Abertura
1,1978;1,1982;6,1911;6,1939;2023-02-07 11:05:16.382;Intermediário
1,1977;1,1978;6,2147;6,216;2023-02-07 12:10:17.065;Intermediário
1,2008;1,2012;6,2224;6,2252;2023-02-07 13:10:17.638;Intermediário
1,2008;1,2012;6,2068;6,2096;2023-02-07 13:10:17.648;Fechamento
1,2086999999999999;1,2091;6,2728;6,2756;2023-02-08 10:08:17.152;Abertura
1,2082;1,2086000000000001;6,2756;6,2784;2023-02-08 11:11:16.667;Intermediário
1,2067;1,207;6,2759;6,2782;2023-02-08 12:07:16.983;Intermediário
1,2079;1,208;6,3141;6,3153;2023-02-08 13:08:42.607;Intermediário
1,2079;1,208;6,2847;6,2859;2023-02-08 13:08:42.613;Fechamento
1,2159;1,2163;6,3365;6,3394;2023-02-09 10:04:16.94;Abertura
1,219;1,2194;6,322;6,3248;2023-02-09 11:08:16.618;Intermediário
1,2174;1,2179;6,4043;6,4076;2023-02-09 12:09:16.714;Intermediário
1,2169;1,217;6,4072;6,4085;2023-02-09 13:06:23.343;Intermediário
1,2169;1,217;6,3655;6,3667;2023-02-09 13:06:23.349;Fechamento
1,2091;1,2093;6,366;6,3678;2023-02-10 10:04:17.853;Abertura
1,2109;1,2113;6,3503;6,3531;2023-02-10 11:05:16.814;Intermediário
1,2102;1,2107;6,3627;6,3661;2023-02-10 12:15:10.379;Intermediário
1,2075;1,2076;6,3286;6,3299;2023-02-10 13:11:17.987;Intermediário
1,2075;1,2076;6,3418;6,343;2023-02-10 13:11:17.992;Fechamento
1,2105000000000001;1,2109;6,2893;6,2921;2023-02-13 10:12:46.313;Abertura
1,2086999999999999;1,2092;6,2936;6,2969;2023-02-13 11:02:16.826;Intermediário
1,2115;1,212;6,2506;6,2539;2023-02-13 12:10:19.446;Intermediário
1,2135;1,2139;6,2731;6,2759;2023-02-13 13:07:17.905;Intermediário
1,2135;1,2139;6,2893;6,2921;2023-02-13 13:07:17.912;Fechamento
1,221;1,2214;6,2965;6,2992;2023-02-14 10:07:46.387;Abertura
1,2207;1,2208;6,2759;6,2771;2023-02-14 11:06:16.681;Intermediário
1,2184;1,2188;6,2737;6,2765;2023-02-14 12:03:16.701;Intermediário
1,2154;1,2158;6,2632;6,266;2023-02-14 13:04:31.509;Intermediário
1,2154;1,2158;6,2594;6,2622;2023-02-14 13:04:31.517;Fechamento
1,2042;1,2046000000000001;6,2887;6,2915;2023-02-15 10:11:16.644;Abertura
1,2012;1,2016;6,2703;6,2731;2023-02-15 11:03:16.119;Intermediário
1,1989;1,1993;6,2643;6,2671;2023-02-15 12:04:16.913;Intermediário
1,2003;1,2004000000000001;6,2746;6,2758;2023-02-15 13:10:05.927;Intermediário
1,2003;1,2004000000000001;6,27;6,2712;2023-02-15 13:10:05.932;Fechamento
1,2039;1,204;6,3069;6,3081;2023-02-16 10:05:18.252;Abertura
1,1984;1,1988;6,285;6,2878;2023-02-16 11:09:16.717;Intermediário
1,1978;1,1982;6,2871;6,29;2023-02-16 12:07:17.604;Intermediário
1,201;1,2015;6,2911;6,2943999999999996;2023-02-16 13:07:19.153;Intermediário
1,201;1,2015;6,2964;6,2997;2023-02-16 13:07:19.16;Fechamento
1,1945000000000001;1,1946;6,2321;6,2333;2023-02-17 10:07:16.443;Abertura
1,1969;1,197;6,2326;6,2339;2023-02-17 11:05:17.65;Intermediário
1,1969;1,1973;6,21;6,2128;2023-02-17 12:11:16.639;Intermediário
1,1996;1,2;6,2251;6,2279;2023-02-17 13:11:21.862;Intermediário
1,1996;1,2;6,2386;6,2414;2023-02-17 13:11:21.869;Fechamento
1,2069;1,207;6,2554;6,2566;2023-02-22 14:32:19.049;Abertura
1,2073;1,2074;6,2318;6,2331;2023-02-22 15:39:24.519;Intermediário
1,2073;1,2074;6,2446;6,2459;2023-02-22 15:39:24.527;Fechamento
1,2047;1,2051;6,2052;6,208;2023-02-23 10:05:17.418;Abertura
1,2032;1,2036;6,1711;6,1739;2023-02-23 11:03:16.849;Intermediário
1,2056;1,206;6,1777;6,1805;2023-02-23 12:07:17.567;Intermediário
1,2022;1,2026;6,162;6,1648;2023-02-23 13:05:18.35;Intermediário
1,2022;1,2026;6,1702;6,1729;2023-02-23 13:05:18.359;Fechamento
1,1973;1,1977;6,1849;6,1877;2023-02-24 10:09:17.2;Abertura
1,1962;1,1966;6,1891;6,1919;2023-02-24 11:03:04.414;Intermediário
1,1948;1,1949;6,1949;6,1962;2023-02-24 12:08:18.741;Intermediário
1,194;1,1944;6,1961;6,1989;2023-02-24 13:10:55.21;Intermediário
1,194;1,1944;6,1831;6,1859;2023-02-24 13:10:55.215;Fechamento
1,1978;1,1979;6,2272;6,2285;2023-02-27 10:07:53.446;Abertura
1,2019;1,202;6,2416;6,2428;2023-02-27 11:02:37.475;Intermediário
1,2021;1,2022;6,2435;6,2447;2023-02-27 12:10:17.225;Intermediário
1,2024;1,2029;6,2473;6,2506;2023-02-27 13:11:43.006;Intermediário
1,2024;1,2029;6,2469;6,2503;2023-02-27 13:11:43.013;Fechamento
1,2102;1,2104;6,2965;6,2983;2023-02-28 10:04:18.278;Abertura
1,212;1,2125;6,2931;6,2964;2023-02-28 11:04:19.052;Intermediário
1,2136;1,214;6,3301;6,333;2023-02-28 12:11:16.604;Intermediário
1,2106;1,211;6,3165;6,3194;2023-02-28 13:11:19.189;Intermediário
1,2106;1,211;6,3038;6,3066;2023-02-28 13:11:19.197;Fechamento
1,2069;1,2073;6,2785;6,2813;2023-03-01 10:11:17.26;Abertura
1,2005;1,2009;6,2494;6,2522;2023-03-01 11:04:45.169;Intermediário
1,201;1,2014;6,2703;6,2731;2023-03-01 12:10:17.068;Intermediário
1,2009;1,2012;6,2406;6,2429;2023-03-01 13:07:21.391;Intermediário
1,2009;1,2012;6,2524;6,2546;2023-03-01 13:07:21.4;Fechamento
1,1946;1,1947;6,2138;6,2151;2023-03-02 10:06:16.918;Abertura
1,1929;1,193;6,2199;6,2211;2023-03-02 11:04:17.314;Intermediário
1,1938;1,1942;6,2215;6,2243;2023-03-02 12:05:16.884;Intermediário
1,1952;1,1957;6,2178;6,2211;2023-03-02 13:09:37.92;Intermediário
1,1952;1,1957;6,2239;6,2272;2023-03-02 13:09:37.928;Fechamento
1,1985000000000001;1,199;6,233;6,2364;2023-03-03 10:04:16.639;Abertura
1,2006000000000001;1,201;6,2324;6,2352;2023-03-03 11:08:17.173;Intermediário
1,1985000000000001;1,1989;6,2425;6,2453;2023-03-03 12:02:44.969;Intermediário
1,1975;1,1979;6,2415;6,2443;2023-03-03 13:04:25.955;Intermediário
1,1975;1,1979;6,2307;6,2335;2023-03-03 13:04:25.958;Fechamento
1,2003;1,2007;6,2452;6,248;2023-03-06 10:09:19.311;Abertura
1,2007;1,2011;6,2564;6,2592;2023-03-06 11:11:17.091;Intermediário
1,2015;1,202;6,2479;6,2512;2023-03-06 12:06:17.667;Intermediário
1,2025000000000001;1,2029;6,2191;6,2219;2023-03-06 13:06:23.935;Intermediário
1,2025000000000001;1,2029;6,2487;6,2515;2023-03-06 13:06:23.946;Fechamento
1,1995;1,2;6,2122;6,2155;2023-03-07 10:09:18.118;Abertura
1,1979;1,1983;6,207;6,2098;2023-03-07 11:07:17.068;Intermediário
1,1979;1,198;6,2274;6,2286;2023-03-07 12:08:16.928;Intermediário
1,1875;1,1877;6,1733;6,1751;2023-03-07 13:04:16.36;Intermediário
1,1875;1,1877;6,1625;6,1643;2023-03-07 13:04:16.368;Fechamento
1,1835;1,1839;6,1125;6,1153;2023-03-08 10:11:17.963;Abertura
1,1822;1,1825;6,0876;6,0899;2023-03-08 11:04:16.974;Intermediário
1,1836;1,1841;6,06;6,0633;2023-03-08 12:10:18.944;Intermediário
1,1837;1,1838;6,0582;6,0594;2023-03-08 13:08:39.385;Intermediário
1,1837;1,1838;6,082;6,0832;2023-03-08 13:08:39.391;Fechamento
1,1883;1,1885;6,1042;6,1059;2023-03-09 10:03:18.761;Abertura
1,1907;1,1909;6,0935;6,0953;2023-03-09 11:06:16.697;Intermediário
1,1916;1,192;6,1215;6,1243;2023-03-09 12:05:17.143;Intermediário
1,1909;1,1912;6,1296;6,1318;2023-03-09 13:07:27.949;Intermediário
1,1909;1,1912;6,1149000000000004;6,1172;2023-03-09 13:07:27.955;Fechamento
1,1992;1,1996;6,2315;6,2343;2023-03-10 10:07:17.261;Abertura
1,2015;1,2019;6,2378;6,2406;2023-03-10 11:08:16.791;Intermediário
1,2082;1,2086000000000001;6,2536;6,2564;2023-03-10 12:03:16.162;Intermediário
1,2096;1,21;6,2441;6,2469;2023-03-10 13:04:39.309;Intermediário
1,2096;1,21;6,2677;6,2705;2023-03-10 13:04:39.316;Fechamento
1,2096;1,2097;6,3745;6,3757;2023-03-13 10:08:21.415;Abertura
1,2094;1,2098;6,3253;6,3281;2023-03-13 11:09:17.323;Intermediário
1,2156;1,2157;6,3458;6,347;2023-03-13 12:09:18.819;Intermediário
1,2156;1,216;6,3663;6,3692;2023-03-13 13:07:19.828;Intermediário
1,2156;1,216;6,369;6,3718;2023-03-13 13:07:19.847;Fechamento
1,2191;1,2195;6,3756;6,3785;2023-03-14 10:03:16.781;Abertura
1,2164;1,2168;6,3556;6,3584;2023-03-14 11:11:16.875;Intermediário
1,2155;1,216;6,3636;6,367;2023-03-14 12:07:17.614;Intermediário
1,2145000000000001;1,2146;6,379;6,3803;2023-03-14 13:06:42.411;Intermediário
1,2145000000000001;1,2146;6,3586;6,3599;2023-03-14 13:06:42.426;Fechamento
1,2079;1,208;6,3844;6,3856;2023-03-15 10:09:16.809;Abertura
1,2049;1,2053;6,3772;6,38;2023-03-15 11:03:17.092;Intermediário
1,2066;1,2069;6,4013;6,4036;2023-03-15 12:10:16.618;Intermediário
1,2029;1,2033;6,3833;6,3862;2023-03-15 13:10:23.368;Intermediário
1,2029;1,2033;6,3724;6,3752;2023-03-15 13:10:23.373;Fechamento
1,2057;1,2061;6,3761;6,3789;2023-03-16 10:11:17.324;Abertura
1,2086000000000001;1,2086999999999999;6,3803;6,3816;2023-03-16 11:04:16.356;Intermediário
1,2092;1,2096;6,4117;6,4145;2023-03-16 12:11:16.947;Intermediário
1,2106;1,211;6,3975;6,4004;2023-03-16 13:08:36.434;Intermediário
1,2106;1,211;6,4024;6,4052;2023-03-16 13:08:36.441;Fechamento
1,2132;1,2136;6,3709;6,3737;2023-03-17 10:05:16.519;Abertura
1,2154;1,2159;6,3967;6,4;2023-03-17 11:03:21.696;Intermediário
1,215;1,2151;6,4107;6,412;2023-03-17 12:02:17.606;Intermediário
1,2138;1,2142;6,4072;6,41;2023-03-17 13:06:41.597;Intermediário
1,2138;1,2142;6,3934;6,3963;2023-03-17 13:06:41.604;Fechamento
1,2227999999999999;1,2232;6,427;6,4299;2023-03-20 10:03:18.584;Abertura
1,2257;1,226;6,4303;6,4326;2023-03-20 11:06:18.123;Intermediário
1,2252;1,2254;6,4155;6,4173;2023-03-20 12:10:16.596;Intermediário
1,2254;1,2258;6,4281;6,4309;2023-03-20 13:09:32.717;Intermediário
1,2254;1,2258;6,4286;6,4314;2023-03-20 13:09:32.724;Fechamento
1,2251;1,2254;6,4237;6,426;2023-03-21 10:10:16.41;Abertura
1,2236;1,224;6,4238;6,4266;2023-03-21 11:07:17.211;Intermediário
1,2217;1,2221;6,3962;6,399;2023-03-21 12:03:15.048;Intermediário
1,2193;1,2197;6,3971;6,3999;2023-03-21 13:02:26.888;Intermediário
1,2193;1,2197;6,3938;6,3966;2023-03-21 13:02:26.895;Fechamento
1,2268;1,2272;6,449;6,4519;2023-03-22 10:05:16.593;Abertura
1,2235;1,2238;6,4505;6,4529;2023-03-22 11:02:16.652;Intermediário
1,2243;1,2244;6,4492;6,4505;2023-03-22 12:09:16.367;Intermediário
1,2229;1,2233;6,4327;6,4355;2023-03-22 13:03:35.603;Intermediário
1,2229;1,2233;6,4376;6,4404;2023-03-22 13:03:35.608;Fechamento
1,2273;1,2277;6,4313;6,4341;2023-03-23 10:05:16.76;Abertura
1,2313;1,2317;6,4795;6,4823;2023-03-23 11:03:16.307;Intermediário
1,2313;1,2318;6,4941;6,4975;2023-03-23 12:07:16.719;Intermediário
1,2318;1,2322;6,4959;6,4987;2023-03-23 13:11:17.074;Intermediário
1,2318;1,2322;6,4825;6,4853;2023-03-23 13:11:17.083;Fechamento
1,2211;1,2216;6,5097000000000005;6,5131;2023-03-24 10:06:17.313;Abertura
1,2208;1,2212;6,4796;6,4825;2023-03-24 11:02:16.708;Intermediário
1,2223;1,2227000000000001;6,4506;6,4534;2023-03-24 12:10:16.905;Intermediário
1,2222;1,2227000000000001;6,4164;6,4198;2023-03-24 13:10:20.862;Intermediário
1,2222;1,2227000000000001;6,4673;6,4707;2023-03-24 13:10:20.867;Fechamento
1,2241;1,2246000000000001;6,3981;6,4015;2023-03-27 10:09:20.998;Abertura
1,2275;1,2279;6,4131;6,4159;2023-03-27 11:05:16.759;Intermediário
1,2271;1,2275;6,4252;6,428;2023-03-27 12:09:19.877;Intermediário
1,2274;1,2279;6,4226;6,426;2023-03-27 13:04:25.496;Intermediário
1,2274;1,2279;6,4193;6,4227;2023-03-27 13:04:25.505;Fechamento
1,2312;1,2317;6,3893;6,3926;2023-03-28 10:07:16.532;Abertura
1,2306;1,2309;6,3558;6,3581;2023-03-28 11:02:16.757;Intermediário
1,2324;1,2328000000000001;6,375;6,3778;2023-03-28 12:11:16.539;Intermediário
1,234;1,2344;6,3721;6,3749;2023-03-28 13:06:23.554;Intermediário
1,234;1,2344;6,3831;6,3859;2023-03-28 13:06:23.561;Fechamento
1,2331;1,2333;6,3675;6,3693;2023-03-29 10:10:16.977;Abertura
1,2325;1,2327;6,3391;6,3409;2023-03-29 11:11:16.597;Intermediário
1,2312;1,2313;6,3383;6,3396;2023-03-29 12:02:17.293;Intermediário
1,231;1,2315;6,3268;6,3302;2023-03-29 13:03:45.811;Intermediário
1,231;1,2315;6,338;6,3414;2023-03-29 13:03:45.818;Fechamento
1,2376;1,2381;6,3235;6,3268;2023-03-30 10:10:18.922;Abertura
1,2378;1,2379;6,3658;6,367;2023-03-30 11:11:16.355;Intermediário
1,2379;1,2384;6,351;6,3544;2023-03-30 12:04:18.424;Intermediário
1,2365;1,2368999999999999;6,3262;6,329;2023-03-30 13:11:18.577;Intermediário
1,2365;1,2368999999999999;6,3368;6,3396;2023-03-30 13:11:18.582;Fechamento
1,239;1,2394;6,3053;6,3081;2023-03-31 10:06:17.235;Abertura
1,2388;1,2393;6,3013;6,3046;2023-03-31 11:07:17.386;Intermediário
1,2362;1,2363;6,2715;6,2727;2023-03-31 12:06:17.018;Intermediário
1,2366;1,237;6,2702;6,273;2023-03-31 13:03:22.565;Intermediário
1,2366;1,237;6,2817;6,2845;2023-03-31 13:03:22.571;Fechamento
1,2383;1,2387000000000001;6,2686;6,2714;2023-04-03 10:11:17.902;Abertura
1,2403;1,2408000000000001;6,2801;6,2834;2023-04-03 11:06:17.545;Intermediário
1,2394;1,2398;6,2717;6,2745;2023-04-03 12:04:17.603;Intermediário
1,2401;1,2405;6,2826;6,2854;2023-04-03 13:04:18.817;Intermediário
1,2401;1,2405;6,2788;6,2815;2023-04-03 13:04:18.827;Fechamento
1,2469999999999999;1,2474;6,3197;6,3224;2023-04-04 10:09:17.147;Abertura
1,2479;1,2483;6,3279;6,3306000000000004;2023-04-04 11:04:16.586;Intermediário
1,2514;1,2518;6,3506;6,3534;2023-04-04 12:05:18.777;Intermediário
1,2496;1,25;6,359;6,3618;2023-04-04 13:04:34.45;Intermediário
1,2496;1,25;6,3425;6,3453;2023-04-04 13:04:34.464;Fechamento
1,2489;1,2493;6,3107;6,3135;2023-04-05 10:02:17.182;Abertura
1,2507000000000001;1,2511;6,2908;6,2935;2023-04-05 11:05:16.641;Intermediário
1,2447;1,2452;6,2885;6,2917;2023-04-05 12:08:16.552;Intermediário
1,2467;1,2471;6,285;6,2878;2023-04-05 13:05:17.526;Intermediário
1,2467;1,2471;6,2885;6,2912;2023-04-05 13:05:17.533;Fechamento
1,2431;1,2433;6,3049;6,3066;2023-04-06 10:02:17.903;Abertura
1,2422;1,2423;6,3073;6,3085;2023-04-06 11:08:17.088;Intermediário
1,2434;1,2438;6,2879;6,2906;2023-04-06 12:04:16.704;Intermediário
1,2454;1,2458;6,3073;6,3101;2023-04-06 13:03:26.695;Intermediário
1,2454;1,2458;6,3113;6,3141;2023-04-06 13:03:26.701;Fechamento
1,2349;1,2353;6,2775;6,2803;2023-04-10 10:05:19.494;Abertura
1,2352;1,2357;6,279;6,2823;2023-04-10 11:04:17.796;Intermediário
1,2359;1,236;6,2802;6,2815;2023-04-10 12:05:17.577;Intermediário
1,2356;1,2361;6,2803;6,2836;2023-04-10 13:06:33.049;Intermediário
1,2356;1,2361;6,2803;6,2836;2023-04-10 13:06:33.063;Fechamento
1,2432;1,2435;6,2544;6,2567;2023-04-11 10:05:17.046;Abertura
1,2429999999999999;1,2431;6,2212;6,2225;2023-04-11 11:02:17.171;Intermediário
1,2431;1,2432;6,22;6,2212;2023-04-11 12:05:18.026;Intermediário
1,2407;1,241;6,2148;6,217;2023-04-11 13:08:32.053;Intermediário
1,2407;1,241;6,2186;6,2209;2023-04-11 13:08:32.067;Fechamento
1,2445;1,2449;6,1913;6,194;2023-04-12 10:09:17.351;Abertura
1,2459;1,2462;6,162;6,1642;2023-04-12 11:02:17.545;Intermediário
1,2463;1,2467;6,1517;6,1545;2023-04-12 12:05:17.242;Intermediário
1,2469000000000001;1,2472;6,1589;6,1612;2023-04-12 13:06:18.927;Intermediário
1,2469000000000001;1,2472;6,1709;6,1731;2023-04-12 13:06:18.938;Fechamento
1,2530000000000001;1,2530999999999999;6,1685;6,1698;2023-04-13 10:04:16.914;Abertura
1,2526;1,2530000000000001;6,1463;6,149;2023-04-13 11:04:17.617;Intermediário
1,2507000000000001;1,251;6,1333;6,1355;2023-04-13 12:08:16.816;Intermediário
1,2528000000000001;1,2532;6,1422;6,1449;2023-04-13 13:05:15.819;Intermediário
1,2528000000000001;1,2532;6,1501;6,1528;2023-04-13 13:05:15.825;Fechamento
1,2482;1,2487;6,1549;6,1581;2023-04-14 10:06:17.202;Abertura
1,2454;1,246;6,167;6,1707;2023-04-14 11:03:17.581;Intermediário
1,2442;1,2446;6,1684;6,1711;2023-04-14 12:09:17.275;Intermediário
1,2416;1,2417;6,1325;6,1337;2023-04-14 13:05:18.79;Intermediário
1,2416;1,2417;6,1396;6,1408;2023-04-14 13:05:18.797;Fechamento
1,2409;1,2413;6,1134;6,1161;2023-04-17 10:06:14.553;Abertura
1,2382;1,2383;6,1208;6,122;2023-04-17 11:10:18.531;Intermediário
1,236;1,2364;6,1204;6,1231;2023-04-17 12:10:16.238;Intermediário
1,2357;1,2358;6,1098;6,111;2023-04-17 13:27:04.044;Intermediário
1,2357;1,2358;6,1062;6,1074;2023-04-17 13:27:04.05;Fechamento
1,2429000000000001;1,2432;6,1451;6,1474;2023-04-18 10:02:16.631;Abertura
1,242;1,2424;6,186;6,1888;2023-04-18 11:04:15.878;Intermediário
1,2426;1,2429999999999999;6,177;6,1797;2023-04-18 12:11:16.028;Intermediário
1,242;1,2421;6,1765;6,1777;2023-04-18 13:06:23.319;Intermediário
1,242;1,2421;6,1693;6,1705;2023-04-18 13:06:23.327;Fechamento
1,2438;1,2442;6,2583;6,2611;2023-04-19 10:11:16.336;Abertura
1,2449;1,245;6,2988;6,3001000000000005;2023-04-19 11:03:17.615;Intermediário
1,2447;1,2451;6,2744;6,2772;2023-04-19 12:09:15.618;Intermediário
1,2438;1,2439;6,2837;6,2849;2023-04-19 13:05:45.75;Intermediário
1,2438;1,2439;6,2763;6,2776;2023-04-19 13:05:45.757;Fechamento
1,2453;1,2457;6,3028;6,3056;2023-04-20 10:10:18.589;Abertura
1,2448000000000001;1,2452;6,2902000000000005;6,293;2023-04-20 11:06:15.782;Intermediário
1,2456;1,246;6,2794;6,2822;2023-04-20 12:07:17.334;Intermediário
1,2446;1,245;6,2737;6,2764;2023-04-20 13:06:23.979;Intermediário
1,2446;1,245;6,2841000000000005;6,2869;2023-04-20 13:06:23.988;Fechamento
1,2453;1,2455;6,3017;6,3035;2023-04-24 10:11:15.127;Abertura
1,2446;1,245;6,2967;6,2995;2023-04-24 11:09:18.49;Intermediário
1,2461;1,2465;6,3085;6,3113;2023-04-24 12:08:15.767;Intermediário
1,2455;1,2459;6,2939;6,2967;2023-04-24 13:11:39.721;Intermediário
1,2455;1,2459;6,3009;6,3036;2023-04-24 13:11:39.727;Fechamento
1,2423;1,2427;6,2567;6,2595;2023-04-25 10:06:16.043;Abertura
1,2407;1,2411;6,3002;6,3029;2023-04-25 11:02:16.48;Intermediário
1,2398;1,2402;6,2852;6,2879;2023-04-25 12:02:15.945;Intermediário
1,2393;1,2397;6,2697;6,2725;2023-04-25 13:06:29.379;Intermediário
1,2393;1,2397;6,2717;6,2745;2023-04-25 13:06:29.387;Fechamento
1,2469999999999999;1,2474;6,3162;6,319;2023-04-26 10:06:16.46;Abertura
1,2491;1,2495;6,3311;6,3338;2023-04-26 11:06:16.81;Intermediário
1,2467;1,2471;6,2962;6,299;2023-04-26 12:03:15.375;Intermediário
1,2484;1,2485;6,3013;6,3026;2023-04-26 13:09:29.773;Intermediário
1,2484;1,2485;6,3143;6,3155;2023-04-26 13:09:29.782;Fechamento
1,2448000000000001;1,245;6,2498000000000005;6,2515;2023-04-27 10:03:15.995;Abertura
1,2457;1,2461;6,253;6,2558;2023-04-27 11:04:51.597;Intermediário
1,2466;1,2469000000000001;6,2395;6,2417;2023-04-27 12:09:16.341;Intermediário
1,2469999999999999;1,2471;6,25;6,2512;2023-04-27 13:02:22.635;Intermediário
1,2469999999999999;1,2471;6,253;6,2542;2023-04-27 13:02:22.639;Fechamento
1,2487;1,2489;6,2279;6,2296;2023-04-28 10:09:16.022;Abertura
1,2509000000000001;1,2513;6,2583;6,261;2023-04-28 11:02:16.452;Intermediário
1,2566;1,2567;6,2882;6,2894;2023-04-28 12:09:15.907;Intermediário
1,2578;1,2582;6,2963000000000005;6,2991;2023-04-28 13:06:19.077;Intermediário
1,2578;1,2582;6,2891;6,2919;2023-04-28 13:06:19.082;Fechamento
1,2458;1,246;6,2577;6,2594;2023-05-02 10:03:18.189;Abertura
1,2443;1,2446;6,2515;6,2537;2023-05-02 11:07:16.991;Intermediário
1,2458;1,2462;6,2814;6,2842;2023-05-02 12:08:16.945;Intermediário
1,2471;1,2475;6,2881;6,2908;2023-05-02 13:10:18.395;Intermediário
1,2471;1,2475;6,2765;6,2792;2023-05-02 13:10:18.402;Fechamento
1,2496;1,25;6,2984;6,3011;2023-05-03 10:10:15.926;Abertura
1,2511;1,2515;6,2865;6,2893;2023-05-03 11:09:16.076;Intermediário
1,2532;1,2533;6,2778;6,279;2023-05-03 12:10:17.599;Intermediário
1,2543;1,2547000000000001;6,2888;6,2916;2023-05-03 13:02:19.826;Intermediário
1,2543;1,2547000000000001;6,2992;6,302;2023-05-03 13:02:19.835;Fechamento
1,255;1,2554;6,252;6,2548;2023-05-04 10:09:16.189;Abertura
1,2572;1,2573;6,3138;6,315;2023-05-04 11:11:16.08;Intermediário
1,2570999999999999;1,2573;6,3076;6,3094;2023-05-04 12:02:17.496;Intermediário
1,2576;1,258;6,3115;6,3143;2023-05-04 13:04:49.817;Intermediário
1,2576;1,258;6,3006;6,3033;2023-05-04 13:04:49.822;Fechamento
1,2570000000000001;1,2573;6,2703;6,2725;2023-05-05 10:05:17.411;Abertura
1,2597;1,2598;6,2586;6,2598;2023-05-05 11:10:16.833;Intermediário
1,2614;1,2618;6,2616;6,2643;2023-05-05 12:11:16.378;Intermediário
1,2646;1,2650000000000001;6,2663;6,2691;2023-05-05 13:05:21.272;Intermediário
1,2646;1,2650000000000001;6,2838;6,2865;2023-05-05 13:05:21.278;Fechamento
1,2644;1,2648000000000001;6,2685;6,2713;2023-05-08 10:07:18.437;Abertura
1,2650000000000001;1,2654;6,2854;6,2882;2023-05-08 11:09:16.872;Intermediário
1,2631000000000001;1,2634;6,2624;6,2647;2023-05-08 12:03:18.416;Intermediário
1,2629000000000001;1,2633;6,304;6,3068;2023-05-08 13:02:22.307;Intermediário
1,2629000000000001;1,2633;6,2754;6,2781;2023-05-08 13:02:22.317;Fechamento
1,2584;1,2588;6,3212;6,324;2023-05-09 10:11:17.655;Abertura
1,2605;1,2610000000000001;6,2942;6,2974;2023-05-09 11:03:17.577;Intermediário
1,2614;1,2618;6,3132;6,3159;2023-05-09 12:07:16.673;Intermediário
1,2615;1,262;6,2808;6,284;2023-05-09 13:08:21.779;Intermediário
1,2615;1,262;6,3076;6,3109;2023-05-09 13:08:21.788;Fechamento
1,2674;1,2675;6,2722;6,2735;2023-05-10 10:08:16.844;Abertura
1,2635;1,2639;6,2572;6,26;2023-05-10 11:08:17.119;Intermediário
1,2618;1,2619;6,259;6,2603;2023-05-10 12:09:17.171;Intermediário
1,2610000000000001;1,2614;6,2478;6,2505;2023-05-10 13:03:19.22;Intermediário
1,2610000000000001;1,2614;6,2471;6,2499;2023-05-10 13:03:19.227;Fechamento
1,2584;1,2588;6,2574;6,2600999999999996;2023-05-11 10:02:20.012;Abertura
1,2509000000000001;1,251;6,2227;6,224;2023-05-11 11:08:16.593;Intermediário
1,2525;1,2526;6,2293;6,2306;2023-05-11 12:07:16.71;Intermediário
1,2498;1,2502;6,1933;6,196;2023-05-11 13:09:27.751;Intermediário
1,2498;1,2502;6,2103;6,213;2023-05-11 13:09:27.758;Fechamento
1,2505;1,2507000000000001;6,1628;6,1646;2023-05-12 10:09:16.375;Abertura
1,2497;1,2501;6,1389;6,1416;2023-05-12 11:03:15.89;Intermediário
1,2469000000000001;1,2473;6,1406;6,1433;2023-05-12 12:11:15.649;Intermediário
1,2462;1,2464;6,1384;6,1401;2023-05-12 13:06:02.793;Intermediário
1,2462;1,2464;6,1348;6,1365;2023-05-12 13:06:02.799;Fechamento
1,2505;1,2509000000000001;6,1315;6,1342;2023-05-15 10:02:18.643;Abertura
1,2516;1,2521;6,1613;6,1645;2023-05-15 11:10:16.995;Intermediário
1,2509000000000001;1,251;6,1379;6,1392;2023-05-15 12:11:15.532;Intermediário
1,2523;1,2527;6,144;6,1467;2023-05-15 13:04:38.271;Intermediário
1,2523;1,2527;6,1484;6,1511;2023-05-15 13:04:38.278;Fechamento
1,251;1,2513;6,1469;6,1491;2023-05-16 10:04:16.717;Abertura
1,2516;1,2517;6,1347;6,136;2023-05-16 11:02:15.741;Intermediário
1,2495;1,2499;6,1403;6,143;2023-05-16 12:04:15.255;Intermediário
1,249;1,2494;6,1415;6,1442;2023-05-16 13:09:16.662;Intermediário
1,249;1,2494;6,1346;6,1373;2023-05-16 13:09:16.669;Fechamento
1,2469000000000001;1,2473;6,1669;6,1696;2023-05-17 10:07:15.275;Abertura
1,2454;1,2455;6,1738;6,1751;2023-05-17 11:02:17.116;Intermediário
1,2466;1,2467;6,1823;6,1835;2023-05-17 12:05:16.37;Intermediário
1,2472;1,2477;6,1615;6,1648;2023-05-17 13:06:15.753;Intermediário
1,2472;1,2477;6,1745;6,1777;2023-05-17 13:06:15.757;Fechamento
1,2424;1,2425;6,1612;6,1624;2023-05-18 10:30:23.612;Abertura
1,2421;1,2425;6,1667;6,1693999999999996;2023-05-18 11:05:15.372;Intermediário
1,2405;1,2409;6,1639;6,1667;2023-05-18 12:09:16.307;Intermediário
1,242;1,2424;6,1648;6,1675;2023-05-18 13:09:20.692;Intermediário
1,242;1,2424;6,1654;6,1681;2023-05-18 13:09:20.696;Fechamento
1,2448000000000001;1,245;6,1883;6,19;2023-05-19 10:07:15.992;Abertura
1,2438;1,244;6,2164;6,2181;2023-05-19 11:02:16.995;Intermediário
1,2434;1,2438;6,2114;6,2141;2023-05-19 12:08:14.991;Intermediário
1,2459;1,2463;6,1996;6,2023;2023-05-19 13:08:16.878;Intermediário
1,2459;1,2463;6,2111;6,2138;2023-05-19 13:08:16.885;Fechamento
1,2457;1,2461;6,2028;6,2056000000000004;2023-05-22 10:09:18.164;Abertura
1,2434;1,2438;6,1791;6,1818;2023-05-22 11:05:15.97;Intermediário
1,2418;1,2422;6,1582;6,1609;2023-05-22 12:07:17.32;Intermediário
1,2421;1,2425;6,1628;6,1655;2023-05-22 13:05:22.708;Intermediário
1,2421;1,2425;6,17;6,1727;2023-05-22 13:05:22.716;Fechamento
1,2378;1,238;6,1602;6,1619;2023-05-23 10:10:16.256;Abertura
1,2416;1,242;6,1746;6,1773;2023-05-23 11:09:15.645;Intermediário
1,2419;1,2423;6,1613;6,164;2023-05-23 12:05:16.275;Intermediário
1,2418;1,2423;6,1547;6,158;2023-05-23 13:08:23.314;Intermediário
1,2418;1,2423;6,1678;6,171;2023-05-23 13:08:23.321;Fechamento
1,2404;1,2405;6,1276;6,1288;2023-05-24 10:05:16.114;Abertura
1,2377;1,2381;6,1297;6,1324;2023-05-24 11:11:15.395;Intermediário
1,2365;1,237;6,1219;6,1251;2023-05-24 12:08:15.632;Intermediário
1,2364;1,2368000000000001;6,1121;6,1149000000000004;2023-05-24 13:04:35.731;Intermediário
1,2364;1,2368000000000001;6,1162;6,1189;2023-05-24 13:04:35.737;Fechamento
1,234;1,2342;6,1521;6,1538;2023-05-25 10:07:16.491;Abertura
1,2328000000000001;1,233;6,1525;6,1543;2023-05-25 11:07:16.429;Intermediário
1,2335;1,2336;6,1708;6,1721;2023-05-25 12:15:42.909;Intermediário
1,232;1,2324;6,1779;6,1806;2023-05-25 13:04:36.528;Intermediário
1,232;1,2324;6,158;6,1608;2023-05-25 13:04:36.531;Fechamento
1,237;1,2374;6,1899;6,1927;2023-05-26 10:06:16.918;Abertura
1,235;1,2354;6,2008;6,2036;2023-05-26 11:05:16.351;Intermediário
1,2331;1,2332;6,1777;6,1789;2023-05-26 12:07:16.517;Intermediário
1,2338;1,2342;6,1792;6,182;2023-05-26 13:07:17.726;Intermediário
1,2338;1,2342;6,1823;6,1851;2023-05-26 13:07:17.73;Fechamento
1,2345;1,2349;6,1461;6,1488;2023-05-29 10:10:20.119;Abertura
1,2345;1,2347000000000001;6,1594;6,1612;2023-05-29 11:09:17.913;Intermediário
1,2349;1,2353;6,1867;6,1895;2023-05-29 12:11:16.225;Intermediário
1,236;1,2364;6,1817;6,1845;2023-05-29 13:10:18.533;Intermediário
1,236;1,2364;6,1736;6,1763;2023-05-29 13:10:18.54;Fechamento
1,2422;1,2426;6,2727;6,2755;2023-05-30 10:09:35.311;Abertura
1,2423;1,2425;6,2869;6,2887;2023-05-30 11:03:54.932;Intermediário
1,2409;1,241;6,2761;6,2774;2023-05-30 12:06:15.476;Intermediário
1,2399;1,2403;6,2822;6,285;2023-05-30 13:11:51.388;Intermediário
1,2399;1,2403;6,2722999999999995;6,275;2023-05-30 13:11:51.392;Fechamento
1,2362;1,2366;6,2695;6,2722999999999995;2023-05-31 10:09:15.43;Abertura
1,2397;1,2399;6,3038;6,3055;2023-05-31 11:03:16.407;Intermediário
1,2392;1,2396;6,3374;6,3402;2023-05-31 12:08:49.63;Intermediário
1,2392;1,2396;6,3328;6,3356;2023-05-31 13:08:48.509;Intermediário
1,2392;1,2396;6,3141;6,3169;2023-05-31 13:08:48.515;Fechamento
1,2482;1,2486;6,3032;6,3059;2023-06-01 10:03:16.15;Abertura
1,2522;1,2526;6,3028;6,3056;2023-06-01 11:05:16.263;Intermediário
1,2518;1,2522;6,3008;6,3036;2023-06-01 12:10:16.205;Intermediário
1,2532;1,2536;6,2922;6,295;2023-06-01 13:07:17.214;Intermediário
1,2532;1,2536;6,3091;6,3119;2023-06-01 13:07:17.224;Fechamento
1,2515;1,2516;6,2042;6,2054;2023-06-02 10:07:17.25;Abertura
1,2519;1,2523;6,1972;6,1999;2023-06-02 11:03:14.439;Intermediário
1,2481;1,2482;6,185;6,1862;2023-06-02 12:04:16.217;Intermediário
1,2465;1,2469000000000001;6,1795;6,1823;2023-06-02 13:11:19.297;Intermediário
1,2465;1,2469000000000001;6,1767;6,1794;2023-06-02 13:11:19.302;Fechamento
1,2375;1,2379;6,1087;6,1114;2023-06-05 10:11:17.759;Abertura
1,2395;1,2399;6,1002;6,1029;2023-06-05 11:11:15.818;Intermediário
1,2407;1,2411;6,1042;6,107;2023-06-05 12:11:16.305;Intermediário
1,2436;1,244;6,1112;6,1139;2023-06-05 13:09:24.722;Intermediário
1,2436;1,244;6,1222;6,125;2023-06-05 13:09:24.732;Fechamento
1,2399;1,2403;6,1342;6,1369;2023-06-06 10:03:15.805;Abertura
1,2397;1,2398;6,1242;6,1255;2023-06-06 11:05:16.759;Intermediário
1,2406;1,241;6,1065;6,1092;2023-06-06 12:10:17.009;Intermediário
1,2414;1,2418;6,0888;6,0915;2023-06-06 13:06:25.81;Intermediário
1,2414;1,2418;6,1184;6,1211;2023-06-06 13:06:25.817;Fechamento
1,2462;1,2466;6,1171;6,1198;2023-06-07 10:03:15.777;Abertura
1,2497;1,2498;6,1357;6,1369;2023-06-07 11:03:15.181;Intermediário
1,2462;1,2463;6,1326;6,1338;2023-06-07 12:06:15.337;Intermediário
1,2447;1,2451;6,1065;6,1092;2023-06-07 13:09:16.366;Intermediário
1,2447;1,2451;6,1131;6,1158;2023-06-07 13:09:16.372;Fechamento
1,2566;1,2570999999999999;6,1656;6,1688;2023-06-09 10:02:16.085;Abertura
1,2574;1,2578;6,1572;6,1599;2023-06-09 11:06:15.94;Intermediário
1,2578;1,2582;6,1355;6,1383;2023-06-09 12:04:14.74;Intermediário
1,2576;1,258;6,1431000000000004;6,1458;2023-06-09 13:10:17.914;Intermediário
1,2576;1,258;6,1517;6,1544;2023-06-09 13:10:17.92;Fechamento
1,255;1,2554;6,1284;6,1311;2023-06-12 10:05:18.224;Abertura
1,2521;1,2525;6,121;6,1237;2023-06-12 11:11:15.98;Intermediário
1,2508;1,2512;6,1048;6,1075;2023-06-12 12:07:15.533;Intermediário
1,2486;1,2492;6,0903;6,094;2023-06-12 13:03:35.041;Intermediário
1,2486;1,2492;6,0964;6,1001;2023-06-12 13:03:35.049;Fechamento
1,2595;1,2596;6,1061;6,1073;2023-06-13 10:07:15.925;Abertura
1,2583;1,2589000000000001;6,1191;6,1228;2023-06-13 11:11:15.806;Intermediário
1,2602;1,2606;6,1125;6,1152;2023-06-13 12:06:15.754;Intermediário
1,2608000000000001;1,2612;6,114;6,1167;2023-06-13 13:09:17.1;Intermediário
1,2608000000000001;1,2612;6,1183;6,121;2023-06-13 13:09:17.108;Fechamento
1,2671999999999999;1,2678;6,1453;6,149;2023-06-14 10:07:16.874;Abertura
1,2682;1,2686;6,151;6,1537;2023-06-14 11:04:15.863;Intermediário
1,2693;1,2698;6,1434;6,1466;2023-06-14 12:04:16.056;Intermediário
1,2692;1,2697;6,1462;6,1494;2023-06-14 13:06:22.292;Intermediário
1,2692;1,2697;6,15;6,1532;2023-06-14 13:06:22.3;Fechamento
1,2667;1,267;6,1234;6,1256;2023-06-15 10:11:15.314;Abertura
1,2718;1,2722;6,1322;6,1349;2023-06-15 11:09:15.371;Intermediário
1,2741;1,2745;6,1377;6,1404;2023-06-15 12:02:16.488;Intermediário
1,2758;1,2762;6,1409;6,1436;2023-06-15 13:09:16.307;Intermediário
1,2758;1,2762;6,1514;6,1541;2023-06-15 13:09:16.317;Fechamento
1,2814;1,2817;6,197;6,1992;2023-06-16 10:03:15.502;Abertura
1,2835;1,2839;6,1845;6,1872;2023-06-16 11:07:15.909;Intermediário
1,2810000000000001;1,2814;6,1821;6,1848;2023-06-16 12:09:16.812;Intermediário
1,2812999999999999;1,2817;6,1906;6,1933;2023-06-16 13:02:18.249;Intermediário
1,2812999999999999;1,2817;6,1861;6,1888;2023-06-16 13:02:18.255;Fechamento
1,2806;1,2810000000000001;6,1424;6,1451;2023-06-19 10:09:17.148;Abertura
1,2796;1,2801;6,1189;6,1221;2023-06-19 11:04:16.068;Intermediário
1,2796;1,2797;6,1045;6,1057;2023-06-19 12:04:16.685;Intermediário
1,2792;1,2793;6,1017;6,1029;2023-06-19 13:07:00.291;Intermediário
1,2792;1,2793;6,1142;6,1154;2023-06-19 13:07:00.3;Fechamento
1,2738;1,2742;6,0919;6,0946;2023-06-20 10:05:16.139;Abertura
1,2724;1,2728;6,1078;6,1105;2023-06-20 11:11:16.019;Intermediário
1,2732999999999999;1,2737;6,0972;6,0999;2023-06-20 12:02:16.216;Intermediário
1,2728;1,2732;6,1071;6,1098;2023-06-20 13:05:18.115;Intermediário
1,2728;1,2732;6,0998;6,1024;2023-06-20 13:05:18.124;Fechamento
1,2729;1,2732999999999999;6,1093;6,112;2023-06-21 10:04:16.586;Abertura
1,2718;1,2722;6,0847;6,0873;2023-06-21 11:04:15.308;Intermediário
1,2730000000000001;1,2731;6,0692;6,0704;2023-06-21 12:03:15.351;Intermediário
1,2732999999999999;1,2737;6,0664;6,0691;2023-06-21 13:02:16.477;Intermediário
1,2732999999999999;1,2737;6,085;6,0876;2023-06-21 13:02:16.485;Fechamento
1,2745;1,2749000000000001;6,0755;6,0782;2023-06-22 10:07:16.402;Abertura
1,2759;1,276;6,0941;6,0953;2023-06-22 11:04:15.802;Intermediário
1,2742;1,2746;6,0872;6,0899;2023-06-22 12:10:15.303;Intermediário
1,2746;1,275;6,0889;6,0916;2023-06-22 13:08:23.688;Intermediário
1,2746;1,275;6,0855;6,0881;2023-06-22 13:08:23.693;Fechamento
1,271;1,2714;6,0824;6,085;2023-06-23 10:10:16.223;Abertura
1,2705;1,2709000000000001;6,0791;6,0818;2023-06-23 11:03:15.691;Intermediário
1,2709000000000001;1,2714;6,0684;6,0716;2023-06-23 12:02:16.79;Intermediário
1,2696;1,27;6,0585;6,0612;2023-06-23 13:09:21.774;Intermediário
1,2696;1,27;6,0678;6,0705;2023-06-23 13:09:21.781;Fechamento
1,2709000000000001;1,2714;6,0584;6,0615;2023-06-26 10:07:17.816;Abertura
1,2711999999999999;1,2716;6,0533;6,056;2023-06-26 11:07:15.41;Intermediário
1,2707;1,2711000000000001;6,0715;6,0742;2023-06-26 12:06:16.163;Intermediário
1,2719;1,2724;6,0666;6,0697;2023-06-26 13:02:20.078;Intermediário
1,2719;1,2724;6,0659;6,0691;2023-06-26 13:02:20.091;Fechamento
1,2736;1,2741;6,0628;6,066;2023-06-27 10:06:16.012;Abertura
1,2752;1,2757;6,1114;6,1146;2023-06-27 11:05:16.603;Intermediário
1,2744;1,2748;6,1179;6,1206;2023-06-27 12:03:17.018;Intermediário
1,2749000000000001;1,2751000000000001;6,1264;6,1281;2023-06-27 13:05:03.701;Intermediário
1,2749000000000001;1,2751000000000001;6,1064;6,1081;2023-06-27 13:05:03.712;Fechamento
1,2639;1,2642;6,1448;6,147;2023-06-28 10:10:15.873;Abertura
1,2638;1,2643;6,1414;6,1446;2023-06-28 11:10:15.408;Intermediário
1,2610000000000001;1,2615;6,123;6,1262;2023-06-28 12:03:16.425;Intermediário
1,2634;1,2638;6,1219;6,1246;2023-06-28 13:10:26.057;Intermediário
1,2634;1,2638;6,1347;6,1374;2023-06-28 13:10:26.062;Fechamento
1,2605;1,2609;6,1176;6,1203;2023-06-29 10:02:17.032;Abertura
1,2596;1,26;6,1239;6,1266;2023-06-29 11:08:15.938;Intermediário
1,2616;1,262;6,1397;6,1424;2023-06-29 12:06:37.909;Intermediário
1,2614;1,2619;6,1173;6,1205;2023-06-29 13:03:21.7;Intermediário
1,2614;1,2619;6,1276;6,1308;2023-06-29 13:03:21.705;Fechamento
1,2685;1,2686;6,1219;6,1232;2023-06-30 10:03:17.579;Abertura
1,2696;1,2699;6,1188;6,121;2023-06-30 11:06:16.717;Intermediário
1,2713;1,2714;6,1296;6,1308;2023-06-30 12:04:16.133;Intermediário
1,2707;1,2711999999999999;6,1086;6,1118;2023-06-30 13:10:24.357;Intermediário
1,2707;1,2711999999999999;6,123;6,1262;2023-06-30 13:10:24.365;Fechamento
1,2692;1,2696;6,0829;6,0856;2023-07-03 10:03:19.89;Abertura
1,2708;1,2711999999999999;6,0757;6,0784;2023-07-03 11:09:15.711;Intermediário
1,2687;1,2691;6,0697;6,0724;2023-07-03 12:03:15.798;Intermediário
1,2691;1,2695;6,0792;6,0819;2023-07-03 13:07:21.019;Intermediário
1,2691;1,2695;6,0752;6,0779;2023-07-03 13:07:21.026;Fechamento
1,2732999999999999;1,2737;6,0953;6,098;2023-07-04 10:04:16.316;Abertura
1,2726;1,2731;6,1064;6,1096;2023-07-04 11:09:15.88;Intermediário
1,2724;1,2728;6,1302;6,1329;2023-07-04 12:07:15.954;Intermediário
1,2730000000000001;1,2732;6,1317;6,1334;2023-07-04 13:06:26.254;Intermediário
1,2730000000000001;1,2732;6,1168;6,1185;2023-07-04 13:06:26.268;Fechamento
1,2713;1,2717;6,168;6,1707;2023-07-05 10:03:15.794;Abertura
1,2729;1,2734;6,1837;6,1869;2023-07-05 11:09:15.634;Intermediário
1,2717;1,2718;6,1772;6,1784;2023-07-05 12:02:15.604;Intermediário
1,2706;1,271;6,1769;6,1796;2023-07-05 13:11:18.184;Intermediário
1,2706;1,271;6,1714;6,1741;2023-07-05 13:11:18.189;Fechamento
1,2746;1,2749000000000001;6,2231;6,2253;2023-07-06 10:07:59.175;Abertura
1,2735;1,2737;6,2205;6,2223;2023-07-06 11:11:16.217;Intermediário
1,2694;1,2698;6,2245;6,2272;2023-07-06 12:02:15.533;Intermediário
1,2719;1,272;6,2548;6,2561;2023-07-06 13:07:23.152;Intermediário
1,2719;1,272;6,2286;6,2299;2023-07-06 13:07:23.157;Fechamento
1,2779;1,278;6,2751;6,2764;2023-07-07 10:07:15.49;Abertura
1,2791000000000001;1,2795;6,2387;6,2414;2023-07-07 11:07:15.289;Intermediário
1,2824;1,2825;6,2409;6,2422;2023-07-07 12:03:15.397;Intermediário
1,2838;1,2839;6,2425;6,2437;2023-07-07 13:03:18.034;Intermediário
1,2838;1,2839;6,264;6,2653;2023-07-07 13:03:18.04;Fechamento
1,2753;1,2758;6,2093;6,2125;2023-07-10 10:07:18.285;Abertura
1,2788;1,2792;6,2359;6,2387;2023-07-10 11:08:17.043;Intermediário
1,282;1,2824;6,2504;6,2531;2023-07-10 12:25:33.301;Intermediário
1,2833;1,2837;6,2506;6,2533;2023-07-10 13:09:19.361;Intermediário
1,2833;1,2837;6,2534;6,2561;2023-07-10 13:09:19.369;Fechamento
1,2894;1,2898;6,3116;6,3143;2023-07-11 10:05:31.779;Abertura
1,2902;1,2906;6,327;6,3297;2023-07-11 11:06:16.867;Intermediário
1,2895;1,2899;6,3125;6,3152;2023-07-11 12:06:16.652;Intermediário
1,2899;1,29;6,2986;6,2998;2023-07-11 13:03:43.475;Intermediário
1,2899;1,29;6,3132;6,3144;2023-07-11 13:03:43.48;Fechamento
1,2948;1,2949;6,2218;6,223;2023-07-12 10:02:16.827;Abertura
1,2989;1,299;6,2174;6,2187;2023-07-12 11:11:15.988;Intermediário
1,2995;1,2999;6,2559000000000005;6,2586;2023-07-12 12:10:16.028;Intermediário
1,299;1,2992;6,2546;6,2563;2023-07-12 13:07:21.652;Intermediário
1,299;1,2992;6,242;6,2437;2023-07-12 13:07:21.656;Fechamento
1,3082;1,3083;6,2769;6,2781;2023-07-13 10:06:16.307;Abertura
1,3106;1,311;6,2897;6,2924;2023-07-13 11:11:16.015;Intermediário
1,3113000000000001;1,3114;6,3026;6,3039;2023-07-13 12:06:15.724;Intermediário
1,3094000000000001;1,3098;6,297;6,2997;2023-07-13 13:09:16.593;Intermediário
1,3094000000000001;1,3098;6,2893;6,292;2023-07-13 13:09:16.6;Fechamento
1,3112;1,3115;6,2716;6,2738;2023-07-14 10:08:15.939;Abertura
1,3107;1,3113000000000001;6,2918;6,2954;2023-07-14 11:04:15.689;Intermediário
1,3115;1,3119;6,2938;6,2965;2023-07-14 12:04:15.166;Intermediário
1,311;1,3114;6,29;6,2928;2023-07-14 13:08:19.609;Intermediário
1,311;1,3114;6,2864;6,2891;2023-07-14 13:08:19.613;Fechamento
1,3066;1,307;6,2998;6,3025;2023-07-17 10:05:18.247;Abertura
1,3073000000000001;1,3077;6,3241;6,3268;2023-07-17 11:06:16.925;Intermediário
1,3079;1,3084;6,3232;6,3264;2023-07-17 12:09:16.36;Intermediário
1,3074;1,3078;6,3081;6,3108;2023-07-17 13:06:45.099;Intermediário
1,3074;1,3078;6,3142;6,3169;2023-07-17 13:06:45.114;Fechamento
1,3088;1,3091;6,2902000000000005;6,2925;2023-07-18 10:04:16.669;Abertura
1,3073000000000001;1,3077;6,2843;6,287;2023-07-18 11:08:16.093;Intermediário
1,3081;1,3085;6,2784;6,2811;2023-07-18 12:07:15.674;Intermediário
1,305;1,3054000000000001;6,2648;6,2675;2023-07-18 13:04:55.111;Intermediário
1,305;1,3054000000000001;6,2684;6,2711;2023-07-18 13:04:55.125;Fechamento
1,2913999999999999;1,2918;6,2089;6,2116;2023-07-19 10:08:16.586;Abertura
1,29;1,2904;6,1765;6,1792;2023-07-19 11:05:15.519;Intermediário
1,2883;1,2887;6,1807;6,1834;2023-07-19 12:03:15.757;Intermediário
1,2894;1,2898;6,1944;6,1971;2023-07-19 13:08:34.692;Intermediário
1,2894;1,2898;6,1883;6,191;2023-07-19 13:08:34.698;Fechamento
1,2869;1,2873999999999999;6,1474;6,1506;2023-07-20 10:07:16.143;Abertura
1,2875;1,2877;6,1474;6,1492;2023-07-20 11:10:16.739;Intermediário
1,2851;1,2855;6,1654;6,1681;2023-07-20 12:09:15.775;Intermediário
1,2848;1,2849;6,1718;6,173;2023-07-20 13:10:25.03;Intermediário
1,2848;1,2849;6,1519;6,1531;2023-07-20 13:10:25.034;Fechamento
1,2827;1,2831000000000001;6,1335;6,1362;2023-07-21 10:07:16.056;Abertura
1,2844;1,2846;6,1204;6,1221;2023-07-21 11:09:15.927;Intermediário
1,2842;1,2847;6,1327;6,1359;2023-07-21 12:07:15.589;Intermediário
1,2850000000000001;1,2855;6,127;6,1302;2023-07-21 13:03:18.126;Intermediário
1,2850000000000001;1,2855;6,1328;6,1359;2023-07-21 13:03:18.13;Fechamento
1,2835;1,2839;6,1071;6,1098;2023-07-24 10:08:19.02;Abertura
1,2822;1,2827;6,1017;6,1049;2023-07-24 11:02:15.228;Intermediário
1,2815;1,2819;6,0656;6,0683;2023-07-24 12:07:15.64;Intermediário
1,2826;1,2827;6,0667;6,0679;2023-07-24 13:07:25.208;Intermediário
1,2826;1,2827;6,0861;6,0873;2023-07-24 13:07:25.216;Fechamento
1,2833;1,2837;6,1049;6,1076;2023-07-25 10:07:18.984;Abertura
1,2818;1,2821;6,0938;6,096;2023-07-25 11:02:17.348;Intermediário
1,2852999999999999;1,2857;6,0919;6,0946;2023-07-25 12:07:16.611;Intermediário
1,2872;1,2876;6,1075;6,1102;2023-07-25 13:11:28.361;Intermediário
1,2872;1,2876;6,1129;6,1156;2023-07-25 13:11:28.371;Fechamento
1,2908;1,2913000000000001;6,1131;6,1162;2023-07-26 10:09:17.476;Abertura
1,2913999999999999;1,2919;6,118;6,1212;2023-07-26 11:10:16.447;Intermediário
1,292;1,2924;6,1189;6,1216;2023-07-26 12:11:17.429;Intermediário
1,2927;1,2931;6,1216;6,1243;2023-07-26 13:03:17.2;Intermediário
1,2927;1,2931;6,1225;6,1252;2023-07-26 13:03:17.208;Fechamento
1,2895;1,2897;6,0786;6,0803;2023-07-27 10:06:15.479;Abertura
1,2854;1,2856;6,0702;6,0719;2023-07-27 11:03:17.249;Intermediário
1,2846;1,2851;6,0717;6,0748;2023-07-27 12:07:17.585;Intermediário
1,2867;1,2871000000000001;6,0677;6,0703;2023-07-27 13:09:18.226;Intermediário
1,2867;1,2871000000000001;6,0727;6,0754;2023-07-27 13:09:18.232;Fechamento
1,2868;1,2869;6,074;6,0752;2023-07-28 10:06:15.656;Abertura
1,2855;1,286;6,0745;6,0776;2023-07-28 11:06:15.348;Intermediário
1,2864;1,2865;6,0741;6,0754;2023-07-28 12:07:15.568;Intermediário
1,2865;1,2869;6,0871;6,0897;2023-07-28 13:02:47.962;Intermediário
1,2865;1,2869;6,0783;6,081;2023-07-28 13:02:47.965;Fechamento
1,2852000000000001;1,2852999999999999;6,0673;6,0685;2023-07-31 10:03:17.17;Abertura
1,2852999999999999;1,2857;6,0982;6,1009;2023-07-31 11:10:15.486;Intermediário
1,286;1,2864;6,1162;6,1189;2023-07-31 12:05:15.674;Intermediário
1,2852999999999999;1,2857;6,0948;6,0974;2023-07-31 13:02:52.404;Intermediário
1,2852999999999999;1,2857;6,0935;6,0961;2023-07-31 13:02:52.412;Fechamento
1,2764;1,2765;6,0933;6,0945;2023-08-01 10:09:17.379;Abertura
1,2784;1,2788;6,0911;6,0937;2023-08-01 11:07:16.028;Intermediário
1,2759;1,2763;6,0938;6,0965;2023-08-01 12:10:16.587;Intermediário
1,2745;1,2749000000000001;6,097;6,0996;2023-08-01 13:06:17.372;Intermediário
1,2745;1,2749000000000001;6,0852;6,0879;2023-08-01 13:06:17.378;Fechamento
1,2722;1,2726;6,1035;6,1062;2023-08-02 10:10:17.109;Abertura
1,2699;1,2703;6,1026;6,1053;2023-08-02 11:10:16.481;Intermediário
1,2684;1,2685;6,1073;6,1086;2023-08-02 12:08:16.419;Intermediário
1,2709000000000001;1,2713;6,1162;6,1189;2023-08-02 13:10:20.258;Intermediário
1,2709000000000001;1,2713;6,1101;6,1128;2023-08-02 13:10:20.27;Fechamento
1,2671000000000001;1,2675;6,1648;6,1675;2023-08-03 10:11:17.081;Abertura
1,2659;1,2665;6,1854;6,1891;2023-08-03 11:10:18.223;Intermediário
1,2692;1,2696;6,2003;6,203;2023-08-03 12:04:18.838;Intermediário
1,2706;1,271;6,2001;6,2029;2023-08-03 13:08:03.159;Intermediário
1,2706;1,271;6,1994;6,2021;2023-08-03 13:08:03.164;Fechamento
1,2745;1,2746;6,2052;6,2064;2023-08-04 10:09:15.923;Abertura
1,2758;1,2762;6,2129;6,2156;2023-08-04 11:10:16.165;Intermediário
1,2755;1,2759;6,1848;6,1875;2023-08-04 12:06:16.316;Intermediário
1,2771;1,2775;6,1988;6,2015;2023-08-04 13:04:37.229;Intermediário
1,2771;1,2775;6,2071;6,2098;2023-08-04 13:04:37.236;Fechamento
1,2770000000000001;1,2774;6,2388;6,2415;2023-08-07 10:03:17.587;Abertura
1,2761;1,2762;6,2626;6,2638;2023-08-07 11:02:15.589;Intermediário
1,2769;1,2774;6,2696;6,2728;2023-08-07 12:10:16.916;Intermediário
1,2765;1,2769;6,2528;6,2555;2023-08-07 13:07:35.501;Intermediário
1,2765;1,2769;6,2554;6,2581;2023-08-07 13:07:35.511;Fechamento
1,2695;1,2699;6,2515;6,2543;2023-08-08 10:08:16.747;Abertura
1,2692;1,2695;6,2537;6,256;2023-08-08 11:06:15.723;Intermediário
1,272;1,2724;6,2641;6,2668;2023-08-08 12:08:15.567;Intermediário
1,2724;1,2729;6,2449;6,2482;2023-08-08 13:04:21.778;Intermediário
1,2724;1,2729;6,2616;6,2648;2023-08-08 13:04:21.789;Fechamento
1,2728;1,2730000000000001;6,2356;6,2373;2023-08-09 10:03:16.356;Abertura
1,2735;1,2739;6,2365;6,2392;2023-08-09 11:10:16.908;Intermediário
1,2729;1,2732999999999999;6,2431;6,2458;2023-08-09 12:06:16.115;Intermediário
1,2711999999999999;1,2716;6,2322;6,2349;2023-08-09 13:03:21.68;Intermediário
1,2711999999999999;1,2716;6,23;6,2327;2023-08-09 13:03:21.687;Fechamento
1,2782;1,2786;6,2218;6,2244;2023-08-10 10:11:16.597;Abertura
1,2770000000000001;1,2774;6,1905;6,1932;2023-08-10 11:09:16.408;Intermediário
1,2732999999999999;1,2737;6,1682;6,1709;2023-08-10 12:09:17.444;Intermediário
1,2722;1,2726;6,1641;6,1668;2023-08-10 13:12:06.347;Intermediário
1,2722;1,2726;6,1717;6,1744;2023-08-10 13:12:06.353;Fechamento
1,2681;1,2685;6,215;6,2177;2023-08-11 10:02:17.519;Abertura
1,2721;1,2725;6,2263;6,229;2023-08-11 11:09:16.912;Intermediário
1,271;1,2714;6,1985;6,2013;2023-08-11 12:09:16.687;Intermediário
1,2692;1,2696;6,2096;6,2123;2023-08-11 13:03:44.623;Intermediário
1,2692;1,2696;6,2079;6,2106;2023-08-11 13:03:44.628;Fechamento
1,2656;1,2657;6,2422;6,2434;2023-08-14 10:07:29.706;Abertura
1,2627;1,2631000000000001;6,2571;6,2598;2023-08-14 11:02:38.124;Intermediário
1,2659;1,2663;6,269;6,2717;2023-08-14 12:07:25.864;Intermediário
1,2687;1,2691;6,2803;6,2831;2023-08-14 13:09:35.609;Intermediário
1,2687;1,2691;6,2769;6,2796;2023-08-14 13:09:35.618;Fechamento
1,2713;1,2717;6,3212;6,3239;2023-08-15 10:07:26.902;Abertura
1,2725;1,2729;6,3499;6,3527000000000005;2023-08-15 11:05:27.558;Intermediário
1,2743;1,2748;6,3449;6,3481;2023-08-15 12:10:28.131;Intermediário
1,2741;1,2745;6,3463;6,349;2023-08-15 13:11:36.641;Intermediário
1,2741;1,2745;6,3458;6,3485;2023-08-15 13:11:36.648;Fechamento
1,2718;1,2722;6,3464;6,3492;2023-08-16 10:09:26.73;Abertura
1,2738;1,2742;6,3499;6,3528;2023-08-16 11:02:27.398;Intermediário
1,2751000000000001;1,2755;6,3296;6,3323;2023-08-16 12:10:26.725;Intermediário
1,2744;1,2748;6,3299;6,3327;2023-08-16 13:04:51.03;Intermediário
1,2744;1,2748;6,3421;6,3449;2023-08-16 13:04:51.036;Fechamento
1,2767;1,2771;6,3531;6,3559;2023-08-17 10:03:27.044;Abertura
1,2761;1,2765;6,3478;6,3506;2023-08-17 11:09:26.896;Intermediário
1,2756;1,276;6,3622;6,3649000000000004;2023-08-17 12:06:27.794;Intermediário
1,2749000000000001;1,2754;6,3565000000000005;6,3598;2023-08-17 13:03:34.285;Intermediário
1,2749000000000001;1,2754;6,3503;6,3535;2023-08-17 13:03:34.29;Fechamento
1,2711000000000001;1,2714;6,3372;6,3393;2023-08-18 10:03:26.964;Abertura
1,2742;1,2746;6,3342;6,3369;2023-08-18 11:09:26.609;Intermediário
1,2729;1,2730000000000001;6,3182;6,3194;2023-08-18 12:11:27.933;Intermediário
1,2735;1,2739;6,3255;6,3282;2023-08-18 13:11:27.951;Intermediário
1,2735;1,2739;6,3316;6,3343;2023-08-18 13:11:27.956;Fechamento
1,2752;1,2753;6,3488;6,3501;2023-08-21 10:09:28.629;Abertura
1,274;1,2744;6,3542;6,357;2023-08-21 11:06:26.492;Intermediário
1,2726;1,2730000000000001;6,3466000000000005;6,3493;2023-08-21 12:06:25.813;Intermediário
1,2732999999999999;1,2737;6,3449;6,3476;2023-08-21 13:10:30.391;Intermediário
1,2732999999999999;1,2737;6,3463;6,349;2023-08-21 13:10:30.405;Fechamento
1,274;1,2745;6,3184000000000005;6,3216;2023-08-22 10:11:26.359;Abertura
1,2722;1,2723;6,2926;6,2938;2023-08-22 11:07:26.925;Intermediário
1,2730000000000001;1,2734;6,2736;6,2763;2023-08-22 12:02:27.898;Intermediário
1,2729;1,2732999999999999;6,283;6,2858;2023-08-22 13:10:36.368;Intermediário
1,2729;1,2732999999999999;6,2913;6,294;2023-08-22 13:10:36.38;Fechamento
1,2629000000000001;1,2633;6,2303;6,233;2023-08-23 10:04:26.11;Abertura
1,268;1,2682;6,2103;6,212;2023-08-23 11:10:28.371;Intermediário
1,2681;1,2685;6,1963;6,199;2023-08-23 12:07:26.612;Intermediário
1,2713;1,2714;6,1928;6,194;2023-08-23 13:11:37.786;Intermediário
1,2713;1,2714;6,2257;6,2269;2023-08-23 13:11:37.796;Fechamento
1,2635;1,2639;6,1641;6,1668;2023-08-24 10:04:26.328;Abertura
1,2646;1,2649;6,1487;6,151;2023-08-24 11:04:27.746;Intermediário
1,2645;1,2650000000000001;6,1604;6,1636;2023-08-24 12:04:26.596;Intermediário
1,263;1,2635;6,1689;6,1721;2023-08-24 13:09:40.261;Intermediário
1,263;1,2635;6,1561;6,1593;2023-08-24 13:09:40.271;Fechamento
1,2619;1,2622;6,1436;6,1458;2023-08-25 10:03:26.327;Abertura
1,2608000000000001;1,2612;6,1438;6,1465;2023-08-25 11:07:27.552;Intermediário
1,2552;1,2556;6,1352;6,138;2023-08-25 12:07:27.244;Intermediário
1,2567;1,2570999999999999;6,1289;6,1316;2023-08-25 13:08:26.49;Intermediário
1,2567;1,2570999999999999;6,1284;6,1311;2023-08-25 13:08:26.496;Fechamento
1,2593;1,2594;6,1513;6,1525;2023-08-28 10:07:29.086;Abertura
1,259;1,2594;6,1666;6,1692;2023-08-28 11:06:26.883;Intermediário
1,2575;1,2579;6,1587;6,1614;2023-08-28 12:05:26.585;Intermediário
1,2589000000000001;1,259;6,1594;6,1607;2023-08-28 13:08:30.588;Intermediário
1,2589000000000001;1,259;6,1602;6,1613;2023-08-28 13:08:30.597;Fechamento
1,2572;1,2576;6,1433;6,146;2023-08-29 10:04:26.582;Abertura
1,2575;1,2577;6,1122;6,1139;2023-08-29 11:10:26.806;Intermediário
1,2587;1,2591;6,1338;6,1365;2023-08-29 12:04:26.891;Intermediário
1,2609;1,2613;6,1278;6,1305;2023-08-29 13:04:32.258;Intermediário
1,2609;1,2613;6,1406;6,1433;2023-08-29 13:04:32.275;Fechamento
1,2714;1,2716;6,1696;6,1713000000000005;2023-08-30 10:14:08.958;Abertura
1,2737;1,2741;6,1967;6,1994;2023-08-30 11:05:26.914;Intermediário
1,2725;1,2729;6,2102;6,2129;2023-08-30 12:07:41.349;Intermediário
1,2723;1,2724;6,1845;6,1858;2023-08-30 13:06:37.129;Intermediário
1,2723;1,2724;6,1894;6,1906;2023-08-30 13:06:37.133;Fechamento
1,2682;1,2686;6,1896;6,1923;2023-08-31 10:02:28.921;Abertura
1,2673;1,2678;6,2423;6,2456;2023-08-31 11:04:26.786;Intermediário
1,2671000000000001;1,2675;6,2677;6,2704;2023-08-31 12:03:26.827;Intermediário
1,2663;1,2668;6,2459;6,2491;2023-08-31 13:02:58.512;Intermediário
1,2663;1,2668;6,2318;6,2351;2023-08-31 13:02:58.521;Fechamento
1,2692;1,2693;6,24;6,2413;2023-09-01 10:05:26.989;Abertura
1,2654;1,2661;6,2331;6,2373;2023-09-01 11:05:51.938;Intermediário
1,2617;1,2621;6,2284;6,2311;2023-09-01 12:05:28.377;Intermediário
1,259;1,2591;6,2271;6,2284;2023-09-01 13:10:27.701;Intermediário
1,259;1,2591;6,2084;6,2096;2023-09-01 13:10:27.706;Fechamento
1,2626;1,2627;6,2221;6,2233;2023-09-04 10:08:28.634;Abertura
1,2625;1,2629000000000001;6,2083;6,2111;2023-09-04 11:10:27.001;Intermediário
1,2617;1,2619;6,1989;6,2006;2023-09-04 12:07:26.898;Intermediário
1,2622;1,2626;6,1966;6,1994;2023-09-04 13:06:46.865;Intermediário
1,2622;1,2626;6,2062;6,209;2023-09-04 13:06:46.876;Fechamento
1,2576;1,258;6,2496;6,2524;2023-09-05 10:04:27.44;Abertura
1,2561;1,2563;6,251;6,2527;2023-09-05 11:10:27.316;Intermediário
1,2551;1,2555;6,236;6,2387;2023-09-05 12:11:27.003;Intermediário
1,2579;1,2583;6,2455;6,2482;2023-09-05 13:02:32.333;Intermediário
1,2579;1,2583;6,2516;6,2544;2023-09-05 13:02:32.338;Fechamento
1,2553;1,2558;6,2622;6,2654;2023-09-06 10:06:26.841;Abertura
1,2508;1,2513;6,2186;6,2218;2023-09-06 11:05:27.06;Intermediário
1,2489;1,2493;6,2119;6,2146;2023-09-06 12:07:27.765;Intermediário
1,2497;1,2501;6,2089;6,2116;2023-09-06 13:08:32.663;Intermediário
1,2497;1,2501;6,218;6,2207;2023-09-06 13:08:32.673;Fechamento
1,2479;1,248;6,2168;6,218;2023-09-08 10:09:27.984;Abertura
1,2496;1,2497;6,2293;6,2305;2023-09-08 11:05:27.262;Intermediário
1,2484;1,2488000000000001;6,2275;6,2303;2023-09-08 12:09:26.408;Intermediário
1,2474;1,2475;6,2073;6,2086;2023-09-08 13:11:28.671;Intermediário
1,2474;1,2475;6,2157;6,2169;2023-09-08 13:11:28.677;Fechamento
1,2526;1,2529;6,1962;6,1985;2023-09-11 10:04:28.268;Abertura
1,2526;1,2530000000000001;6,1751;6,1778;2023-09-11 11:11:28.209;Intermediário
1,2527;1,2530999999999999;6,1845;6,1872;2023-09-11 12:02:28.575;Intermediário
1,2527;1,2528000000000001;6,1766;6,1778;2023-09-11 13:07:29.034;Intermediário
1,2527;1,2528000000000001;6,1833;6,1846;2023-09-11 13:07:29.047;Fechamento
1,2467;1,2468;6,1764;6,1776;2023-09-12 10:03:27.171;Abertura
1,2467;1,2471;6,1754;6,1781;2023-09-12 11:08:27.482;Intermediário
1,2463;1,2467;6,1667;6,1693999999999996;2023-09-12 12:11:27.284;Intermediário
1,2474;1,2478;6,1669;6,1696;2023-09-12 13:05:38.137;Intermediário
1,2474;1,2478;6,1745;6,1772;2023-09-12 13:05:38.148;Fechamento
1,2481;1,2485;6,157;6,1597;2023-09-13 10:10:27.509;Abertura
1,2497;1,2498;6,1495;6,1508;2023-09-13 11:08:27.005;Intermediário
1,249;1,2494;6,1295;6,1322;2023-09-13 12:07:26.728;Intermediário
1,2487;1,2488000000000001;6,1244;6,1256;2023-09-13 13:08:19.752;Intermediário
1,2487;1,2488000000000001;6,1392;6,1405;2023-09-13 13:08:19.757;Fechamento
1,2439;1,2442;6,0725;6,0747;2023-09-14 10:07:27.894;Abertura
1,2421;1,2425;6,0643;6,067;2023-09-14 11:06:26.209;Intermediário
1,2414;1,2418;6,0474;6,05;2023-09-14 12:07:27.225;Intermediário
1,2407;1,2411;6,0328;6,0355;2023-09-14 13:10:28.679;Intermediário
1,2407;1,2411;6,0478;6,0505;2023-09-14 13:10:28.686;Fechamento
1,2388;1,2392;6,0322;6,0349;2023-09-15 10:10:28.184;Abertura
1,2412;1,2415;6,0383;6,0405;2023-09-15 11:06:26.405;Intermediário
1,2394;1,2398;6,0375;6,0402;2023-09-15 12:10:26.914;Intermediário
1,2388;1,2393;6,0297;6,0329;2023-09-15 13:11:32.192;Intermediário
1,2388;1,2393;6,0309;6,034;2023-09-15 13:11:32.198;Fechamento
1,2379;1,2383;6,0117;6,0144;2023-09-18 10:08:28.065;Abertura
1,2375;1,2379;6,0173;6,02;2023-09-18 11:09:26.953;Intermediário
1,2379;1,2383;6,0033;6,006;2023-09-18 12:09:27.435;Intermediário
1,2399;1,2403;6,0048;6,0075;2023-09-18 13:09:26.967;Intermediário
1,2399;1,2403;6,0171;6,0198;2023-09-18 13:09:26.976;Fechamento
1,2403;1,2407;6,0193;6,022;2023-09-19 10:07:33.572;Abertura
1,2399;1,2403;6,021;6,0236;2023-09-19 11:06:20.935;Intermediário
1,2399;1,2404;6,0253;6,0285;2023-09-19 12:04:25.526;Intermediário
1,2389000000000001;1,2393;6,0197;6,0224;2023-09-19 13:03:30.151;Intermediário
1,2389000000000001;1,2393;6,0172;6,0199;2023-09-19 13:03:30.155;Fechamento
1,2375;1,2378;5,9983;6,0005;2023-09-20 10:07:26.367;Abertura
1,2391;1,2395;6,0074;6,0101;2023-09-20 11:07:26.919;Intermediário
1,2398;1,2399;6,012;6,0133;2023-09-20 12:05:27.517;Intermediário
1,2385;1,2389000000000001;6,0039;6,0066;2023-09-20 13:11:31.011;Intermediário
1,2385;1,2389000000000001;6,0044;6,0071;2023-09-20 13:11:31.016;Fechamento
1,2266;1,2271;6,0393;6,0425;2023-09-21 10:09:25.487;Abertura
1,2261;1,2265;6,0466;6,0493;2023-09-21 11:02:25.464;Intermediário
1,2287;1,2288000000000001;6,0323;6,0335;2023-09-21 12:09:25.217;Intermediário
1,2297;1,2298;6,0558;6,057;2023-09-21 13:06:45.133;Intermediário
1,2297;1,2298;6,053;6,0542;2023-09-21 13:06:45.141;Fechamento
1,2255;1,2259;6,0209;6,0236;2023-09-22 10:08:25.157;Abertura
1,227;1,2275;6,0184;6,0216;2023-09-22 11:10:28.114;Intermediário
1,2262;1,2266;6,0295;6,0322;2023-09-22 12:06:27.218;Intermediário
1,2255;1,2256;6,023;6,0242;2023-09-22 13:08:45.067;Intermediário
1,2255;1,2256;6,0203;6,0215;2023-09-22 13:08:45.071;Fechamento
1,2215;1,2219;6,0478;6,0505;2023-09-25 10:05:26.389;Abertura
1,2213;1,2217;6,0544;6,0571;2023-09-25 11:07:26.146;Intermediário
1,2196;1,22;6,0565;6,0593;2023-09-25 12:05:25.358;Intermediário
1,2215;1,2216;6,0654;6,0666;2023-09-25 13:10:42.032;Intermediário
1,2215;1,2216;6,0586;6,0599;2023-09-25 13:10:42.04;Fechamento
1,2191;1,2192;6,0522;6,0534;2023-09-26 10:08:25.326;Abertura
1,2183;1,2187000000000001;6,0495;6,0522;2023-09-26 11:04:25.254;Intermediário
1,2166000000000001;1,217;6,0474;6,0501;2023-09-26 12:11:25.046;Intermediário
1,2164;1,2168;6,0619;6,0647;2023-09-26 13:10:33.74;Intermediário
1,2164;1,2168;6,0468;6,0496;2023-09-26 13:10:33.749;Fechamento
1,2143;1,2147000000000001;6,085;6,0877;2023-09-27 10:07:26.064;Abertura
1,2141;1,2145000000000001;6,0943;6,097;2023-09-27 11:04:25.101;Intermediário
1,2125;1,2127;6,0941;6,0959;2023-09-27 12:06:25.355;Intermediário
1,2129;1,2133;6,1329;6,1357;2023-09-27 13:02:52.478;Intermediário
1,2129;1,2133;6,0988;6,1016;2023-09-27 13:02:52.495;Fechamento
1,2175;1,2179;6,1507;6,1534;2023-09-28 10:07:05.796;Abertura
1,2187000000000001;1,2191;6,16;6,1628;2023-09-28 11:04:24.781;Intermediário
1,2196;1,22;6,153;6,1558;2023-09-28 12:05:25.032;Intermediário
1,222;1,2225;6,1541;6,1574;2023-09-28 13:02:35.102;Intermediário
1,222;1,2225;6,1673;6,1706;2023-09-28 13:02:35.109;Fechamento
1,2258;1,2262;6,1376;6,1403;2023-09-29 10:11:25.445;Abertura
1,2217;1,2221;6,123;6,1258;2023-09-29 11:04:24.685;Intermediário
1,2205;1,2209;6,1071;6,1099;2023-09-29 12:06:24.87;Intermediário
1,2212;1,2213;6,1125;6,1137;2023-09-29 13:09:29.078;Intermediário
1,2212;1,2213;6,1145;6,1158;2023-09-29 13:09:29.084;Fechamento
1,215;1,2153;6,148;6,1503;2023-10-02 10:09:29.375;Abertura
1,2125;1,2129;6,1328;6,1356;2023-10-02 11:08:28.593;Intermediário
1,2122;1,2123;6,1476;6,1488;2023-10-02 12:10:25.398;Intermediário
1,2126000000000001;1,213;6,1598;6,1625;2023-10-02 13:10:37.554;Intermediário
1,2126000000000001;1,213;6,1446;6,1474;2023-10-02 13:10:37.562;Fechamento
1,2073;1,2077;6,1392;6,142;2023-10-03 10:07:27.43;Abertura
1,2097;1,2099;6,1564;6,1581;2023-10-03 11:04:25.797;Intermediário
1,2079;1,208;6,1962;6,1974;2023-10-03 12:03:25.369;Intermediário
1,2065000000000001;1,2069;6,1934000000000005;6,1962;2023-10-03 13:06:35.208;Intermediário
1,2065000000000001;1,2069;6,1645;6,1673;2023-10-03 13:06:35.216;Fechamento
1,2169;1,2173;6,249;6,2518;2023-10-04 10:08:27.514;Abertura
1,2142;1,2146;6,2791;6,2819;2023-10-04 11:07:25.365;Intermediário
1,2113;1,2117;6,2572;6,26;2023-10-04 12:04:27.679;Intermediário
1,2153;1,2157;6,2413;6,2441;2023-10-04 13:06:57.401;Intermediário
1,2153;1,2157;6,2612;6,264;2023-10-04 13:06:57.406;Fechamento
1,2129;1,2133;6,258;6,2607;2023-10-05 10:08:25.469;Abertura
1,215;1,2154;6,274;6,2768;2023-10-05 11:06:25.151;Intermediário
1,2158;1,2162;6,3021;6,3049;2023-10-05 12:11:25.292;Intermediário
1,2167;1,2171;6,2978;6,3006;2023-10-05 13:08:41.64;Intermediário
1,2167;1,2171;6,2912;6,294;2023-10-05 13:08:41.646;Fechamento
1,2122;1,2126000000000001;6,3191;6,3219;2023-10-06 10:08:26.158;Abertura
1,2153;1,2154;6,3345;6,3358;2023-10-06 11:06:25.199;Intermediário
1,2187000000000001;1,2188;6,316;6,3173;2023-10-06 12:08:25.294;Intermediário
1,2251;1,2255;6,3177;6,3205;2023-10-06 13:07:34.459;Intermediário
1,2251;1,2255;6,3597;6,3626000000000005;2023-10-06 13:07:34.464;Fechamento
1,2185;1,2186;6,292;6,2932;2023-10-09 10:08:26.902;Abertura
1,2209;1,2213;6,304;6,3068;2023-10-09 11:04:25.765;Intermediário
1,2208;1,2212;6,3125;6,3153;2023-10-09 12:07:27.32;Intermediário
1,2202;1,2206000000000001;6,3034;6,3062000000000005;2023-10-09 13:22:11.061;Intermediário
1,2202;1,2206000000000001;6,3036;6,3064;2023-10-09 13:22:11.067;Fechamento
1,2246000000000001;1,225;6,2533;6,2561;2023-10-10 10:02:27.485;Abertura
1,2251;1,2254;6,2304;6,2326;2023-10-10 11:09:26.807;Intermediário
1,2255;1,2259;6,2235;6,2262;2023-10-10 12:04:25.439;Intermediário
1,2284;1,2288000000000001;6,2306;6,2333;2023-10-10 13:11:30.748;Intermediário
1,2284;1,2288000000000001;6,2472;6,2499;2023-10-10 13:11:30.76;Fechamento
1,2311;1,2315;6,199;6,2017;2023-10-11 10:11:56.448;Abertura
1,2329;1,2333;6,2342;6,2369;2023-10-11 11:07:27.594;Intermediário
1,231;1,2314;6,2184;6,2212;2023-10-11 12:06:26.111;Intermediário
1,23;1,2304;6,2149;6,2177;2023-10-11 13:05:06.906;Intermediário
1,23;1,2304;6,2103;6,213;2023-10-11 13:05:06.911;Fechamento
1,2186;1,219;6,1551;6,1579;2023-10-13 10:04:25.301;Abertura
1,216;1,2164;6,1447;6,1474;2023-10-13 11:09:25.008;Intermediário
1,2139;1,2143;6,1545;6,1572;2023-10-13 12:10:54.196;Intermediário
1,2136;1,2137;6,1572;6,1584;2023-10-13 13:06:03.279;Intermediário
1,2136;1,2137;6,1431000000000004;6,1444;2023-10-13 13:06:03.284;Fechamento
1,2176;1,2178;6,1697;6,1714;2023-10-16 10:10:26.469;Abertura
1,2159;1,2163;6,161;6,1637;2023-10-16 11:10:25.437;Intermediário
1,2187000000000001;1,2191;6,1575;6,1602;2023-10-16 12:04:25.625;Intermediário
1,2194;1,2198;6,1678;6,1706;2023-10-16 13:05:08.024;Intermediário
1,2194;1,2198;6,1716;6,1744;2023-10-16 13:05:08.04;Fechamento
1,2139;1,2143;6,1439;6,1467;2023-10-17 10:05:27.578;Abertura
1,2148;1,2149;6,1368;6,138;2023-10-17 11:09:26.867;Intermediário
1,2181;1,2185;6,1183;6,121;2023-10-17 12:02:26.636;Intermediário
1,2202;1,2206000000000001;6,1197;6,1224;2023-10-17 13:04:27.441;Intermediário
1,2202;1,2206000000000001;6,1471;6,1499;2023-10-17 13:04:27.446;Fechamento
1,2175;1,218;6,1285;6,1318;2023-10-18 10:08:28.208;Abertura
1,2166000000000001;1,217;6,1485;6,1512;2023-10-18 11:02:26.355;Intermediário
1,2143;1,2148;6,1555;6,1588;2023-10-18 12:09:26.684;Intermediário
1,2146;1,215;6,1555;6,1582;2023-10-18 13:10:35.355;Intermediário
1,2146;1,215;6,1413;6,144;2023-10-18 13:10:35.363;Fechamento
1,214;1,2145000000000001;6,1495;6,1528;2023-10-19 10:06:27.067;Abertura
1,2144;1,2148;6,1475;6,1503;2023-10-19 11:02:25.993;Intermediário
